Time,X,Y,Z
0.0,0.5,0.0,0.45000000000000007
2233.561,0.6221160393851224,0.0,0.5059887578260833
2233.561,0.6221160393851224,0.0,0.5059887578260833
2233.571,0.6223378503801323,0.0,0.5063065337470666
2233.581,0.6225580467290689,0.0,0.506624701223306
2233.591,0.6227766258930033,0.0,0.5069432544775944
2233.601,0.6229935853575502,0.0,0.5072621877246483
2233.611,0.6232089226328299,0.0,0.5075814951710944
2233.621,0.6234226352535653,0.0,0.5079011710156567
2233.631,0.6236347207790444,0.0,0.5082212094491417
2233.641,0.6238451767932405,0.0,0.5085416046546628
2233.651,0.6240540009047744,0.0,0.5088623508076259
2233.661,0.6242611907470084,0.0,0.5091834420759168
2233.671,0.6244667439780096,0.0,0.5095048726198881
2233.681,0.6246706582806715,0.0,0.5098266365925923
2233.691,0.6248729313626535,0.0,0.5101487281397317
2233.701,0.6250735609565015,0.0,0.5104711413998922
2233.711,0.6252725448196095,0.0,0.5107938705045305
2233.721,0.625469880734311,0.0,0.5111169095781618
2233.731,0.6256655665078461,0.0,0.5114402527383562
2233.741,0.6258595999724454,0.0,0.5117638940959179
2233.751,0.6260519789853589,0.0,0.5120878277549832
2233.761,0.6262427014288328,0.0,0.5124120478130242
2233.771,0.6264317652102203,0.0,0.5127365483610857
2233.781,0.6266191682619253,0.0,0.5130613234837345
2233.791,0.6268049085415126,0.0,0.513386367259295
2233.801,0.6269889840316715,0.0,0.5137116737598371
2233.811,0.6271713927402981,0.0,0.514037237051365
2233.821,0.6273521327004604,0.0,0.5143630511938052
2233.831,0.6275312019704988,0.0,0.5146891102412335
2233.841,0.6277085986339911,0.0,0.5150154082418623
2233.851,0.6278843207998301,0.0,0.5153419392382308
2233.861,0.6280583666021906,0.0,0.5156686972671924
2233.871,0.6282307342006299,0.0,0.5159956763601525
2233.881,0.628401421780034,0.0,0.5163228705430182
2233.891,0.6285704275507165,0.0,0.5166502738364355
2233.901,0.6287377497483856,0.0,0.5169778802557777
2233.911,0.6289033866342162,0.0,0.5173056838113361
2233.921,0.6290673364948168,0.0,0.5176336785083081
2233.931,0.62922959764232,0.0,0.5179618583470251
2233.941,0.6293901684143486,0.0,0.518290217322941
2233.951,0.6295490471740852,0.0,0.5186187494268241
2233.961,0.62970623231024,0.0,0.5189474486447438
2233.971,0.6298617222371404,0.0,0.519276308958311
2233.981,0.6300155153946856,0.0,0.519605324344636
2233.991,0.6301676102484124,0.0,0.5199344887765226
2234.001,0.6303180052895154,0.0,0.5202637962225664
2234.011,0.630466699034825,0.0,0.5205932406471618
2234.021,0.6306136900268866,0.0,0.5209228160107323
2234.031,0.6307589768339298,0.0,0.5212525162697177
2234.041,0.6309025580499295,0.0,0.5215823353767677
2234.051,0.6310444322945745,0.0,0.5219122672807293
2234.061,0.6311845982133487,0.0,0.522242305926887
2234.071,0.6313230544774828,0.0,0.5225724452569139
2234.081,0.631459799784033,0.0,0.5229026792091107
2234.091,0.6315948328558498,0.0,0.5232330017183945
2234.101,0.6317281524416347,0.0,0.5235634067164923
2234.111,0.63185975731591,0.0,0.5238938881319287
2234.121,0.631989646279088,0.0,0.5242244398902579
2234.131,0.6321178181574416,0.0,0.5245550559140506
2234.141,0.6322442718031562,0.0,0.5248857301230894
2234.151,0.6323690060943011,0.0,0.5252164564343552
2234.161,0.6324920199348977,0.0,0.52554722876227
2234.171,0.6326133122548762,0.0,0.525878041018646
2234.181,0.6327328820101425,0.0,0.5262088871129277
2234.191,0.6328507281825495,0.0,0.52653976095218
2234.201,0.6329668497799428,0.0,0.5268706564412818
2234.211,0.6330812458361345,0.0,0.5272015674829156
2234.221,0.6331939154109606,0.0,0.527532487977798
2234.231,0.6333048575902592,0.0,0.5278634118246881
2234.241,0.6334140714858831,0.0,0.5281943329204875
2234.251,0.6335215562357407,0.0,0.5285252451604351
2234.261,0.6336273110037601,0.0,0.5288561424380677
2234.271,0.6337313349799454,0.0,0.5291870186454612
2234.281,0.6338336273803488,0.0,0.5295178676732195
2234.291,0.6339341874471098,0.0,0.5298486834106686
2234.301,0.6340330144484296,0.0,0.5301794597458457
2234.311,0.6341301076786187,0.0,0.5305101905657316
2234.321,0.6342254664580704,0.0,0.5308408697562388
2234.331,0.6343190901332965,0.0,0.5311714912024066
2234.341,0.6344109780769019,0.0,0.5315020487883898
2234.351,0.6345011296876308,0.0,0.5318325363977005
2234.361,0.6345895443903307,0.0,0.532162947913159
2234.371,0.6346762216359969,0.0,0.532493277217136
2234.381,0.6347611609017485,0.0,0.5328235181915413
2234.391,0.6348443616908559,0.0,0.5331536647180183
2234.401,0.6349258235327182,0.0,0.533483710677933
2234.411,0.6350055459828997,0.0,0.5338136499526067
2234.421,0.635083528623106,0.0,0.5341434764233045
2234.431,0.6351597710612091,0.0,0.5344731839714305
2234.441,0.635234272931225,0.0,0.5348027664785162
2234.451,0.6353070338933473,0.0,0.535132217826463
2234.461,0.6353780536339169,0.0,0.5354615318974927
2234.471,0.6354473318654528,0.0,0.5357907025743899
2234.481,0.6355148683266346,0.0,0.5361197237405098
2234.491,0.6355806627823025,0.0,0.5364485892798785
2234.501,0.6356447150234755,0.0,0.5367772930773798
2234.511,0.6357070248673303,0.0,0.5371058290187523
2234.521,0.6357675921572192,0.0,0.5374341909907848
2234.531,0.6358264167626481,0.0,0.5377623728813058
2234.541,0.6358834985793009,0.0,0.5380903685794238
2234.551,0.6359388375290116,0.0,0.53841817197548
2234.561,0.6359924335597856,0.0,0.538745776961289
2234.571,0.6360442866457796,0.0,0.5390731774301282
2234.581,0.636094396787312,0.0,0.5394003672769321
2234.591,0.6361427640108441,0.0,0.5397273403982823
2234.601,0.636189388368995,0.0,0.5400540906926379
2234.611,0.6362342699405209,0.0,0.5403806120603256
2234.621,0.6362774088303245,0.0,0.5407068984037338
2234.631,0.6363188051694338,0.0,0.5410329436273018
2234.641,0.6363584591150165,0.0,0.5413587416377604
2234.651,0.6363963708503536,0.0,0.5416842863440845
2234.661,0.6364325405848519,0.0,0.5420095716577328
2234.671,0.6364669685540232,0.0,0.5423345914926379
2234.681,0.6364996550194872,0.0,0.5426593397653994
2234.691,0.6365306002689546,0.0,0.5429838103952741
2234.701,0.6365598046162293,0.0,0.5433079973044064
2234.711,0.636587268401192,0.0,0.5436318944178176
2234.721,0.6366129919897981,0.0,0.5439554956635996
2234.731,0.6366369757740619,0.0,0.5442787949729228
2234.741,0.6366592201720505,0.0,0.5446017862801836
2234.751,0.6366797256278772,0.0,0.5449244635231504
2234.761,0.6366984926116851,0.0,0.5452468206429725
2234.771,0.6367155216196416,0.0,0.5455688515843719
2234.781,0.6367308131739216,0.0,0.5458905502956348
2234.791,0.6367443678227025,0.0,0.5462119107288398
2234.801,0.6367561861401466,0.0,0.5465329268398477
2234.811,0.6367662687263935,0.0,0.5468535925884941
2234.821,0.6367746162075423,0.0,0.5471739019385801
2234.831,0.6367812292356435,0.0,0.5474938488581087
2234.841,0.6367861084886814,0.0,0.54781342731924
2234.851,0.636789254670563,0.0,0.5481326312985269
2234.861,0.6367906685111017,0.0,0.5484514547769066
2234.871,0.6367903507660032,0.0,0.5487698917398913
2234.881,0.6367883022168507,0.0,0.5490879361775589
2234.891,0.6367845236710883,0.0,0.5494055820847803
2234.901,0.6367790159620061,0.0,0.5497228234612097
2234.911,0.6367717799487227,0.0,0.5500396543114754
2234.921,0.6367628165161697,0.0,0.5503560686451708
2234.931,0.6367521265750723,0.0,0.5506720604770893
2234.941,0.6367397110619352,0.0,0.5509876238271789
2234.951,0.6367255709390198,0.0,0.5513027527207781
2234.961,0.6367097071943306,0.0,0.5516174411886058
2234.971,0.6366921208415918,0.0,0.5519316832669509
2234.981,0.6366728129202328,0.0,0.552245472997673
2234.991,0.636651784495365,0.0,0.5525588044283819
2235.001,0.6366290366577606,0.0,0.5528716716125361
2235.011,0.6366045705238393,0.0,0.5531840686094537
2235.021,0.6365783872356365,0.0,0.5534959894845427
2235.031,0.6365504879607939,0.0,0.5538074283092597
2235.041,0.6365208738925268,0.0,0.5541183791613403
2235.051,0.6364895462496107,0.0,0.5544288361247917
2235.061,0.6364565062763513,0.0,0.5547387932900791
2235.071,0.6364217552425717,0.0,0.5550482447541191
2235.081,0.6363852944435763,0.0,0.5553571846205
2235.091,0.636347125200139,0.0,0.5556656069994755
2235.101,0.6363072488584686,0.0,0.5559735060081499
2235.111,0.6362656667901967,0.0,0.5562808757704708
2235.121,0.6362223803923376,0.0,0.5565877104174588
2235.131,0.63617739108728,0.0,0.5568940040871645
2235.141,0.6361307003227441,0.0,0.5571997509248977
2235.151,0.6360823095717704,0.0,0.5575049450832202
2235.161,0.6360322203326796,0.0,0.5578095807221298
2235.171,0.6359804341290629,0.0,0.5581136520090538
2235.181,0.6359269525097351,0.0,0.5584171531190676
2235.191,0.6358717770487231,0.0,0.5587200782348868
2235.201,0.6358149093452242,0.0,0.559022421547052
2235.211,0.6357563510235956,0.0,0.5593241772539215
2235.221,0.6356961037333015,0.0,0.5596253395618968
2235.231,0.6356341691489091,0.0,0.5599259026853906
2235.241,0.6355705489700417,0.0,0.5602258608470091
2235.251,0.6355052449213484,0.0,0.5605252082776478
2235.261,0.635438258752492,0.0,0.5608239392165032
2235.271,0.6353695922380922,0.0,0.5611220479112871
2235.281,0.6352992471777172,0.0,0.561419528618221
2235.291,0.6352272253958325,0.0,0.561716375602217
2235.301,0.6351535287417931,0.0,0.5620125831368713
2235.311,0.6350781590897802,0.0,0.5623081455046871
2235.321,0.6350011183388021,0.0,0.5626030569970343
2235.331,0.634922408412629,0.0,0.5628973119143718
2235.341,0.6348420312597856,0.0,0.5631909045662413
2235.351,0.6347599888534943,0.0,0.5634838292714464
2235.361,0.6346762831916696,0.0,0.5637760803580463
2235.371,0.6345909162968493,0.0,0.5640676521635689
2235.381,0.6345038902161888,0.0,0.5643585390350038
2235.391,0.6344152070214012,0.0,0.5646487353289805
2235.401,0.634324868808751,0.0,0.5649382354117634
2235.411,0.6342328776989801,0.0,0.5652270336594694
2235.421,0.6341392358373122,0.0,0.5655151244580302
2235.431,0.6340439453933769,0.0,0.5658025022034098
2235.441,0.6339470085612037,0.0,0.5660891613015989
2235.451,0.6338484275591574,0.0,0.5663750961687908
2235.461,0.6337482046299331,0.0,0.5666603012313765
2235.471,0.6336463420404783,0.0,0.566944770926152
2235.481,0.6335428420819823,0.0,0.5672284997003305
2235.491,0.6334377070698372,0.0,0.5675114820116343
2235.501,0.6333309393435688,0.0,0.567793712328469
2235.511,0.6332225412668411,0.0,0.5680751851298951
2235.521,0.6331125152273708,0.0,0.5683558949058407
2235.531,0.6330008636369227,0.0,0.5686358361570977
2235.541,0.6328875889312376,0.0,0.5689150033954931
2235.551,0.6327726935700294,0.0,0.5691933911438863
2235.561,0.6326561800368973,0.0,0.5694709939363714
2235.571,0.6325380508393227,0.0,0.5697478063182735
2235.581,0.6324183085085938,0.0,0.570023822846319
2235.591,0.6322969555998028,0.0,0.570299038088633
2235.601,0.6321739946917508,0.0,0.570573446624947
2235.611,0.6320494283869604,0.0,0.5708470430465653
2235.621,0.6319232593115776,0.0,0.5711198219565723
2235.631,0.631795490115371,0.0,0.5713917779698292
2235.641,0.6316661234716499,0.0,0.5716629057131426
2235.651,0.6315351620772636,0.0,0.5719331998252611
2235.661,0.6314026086525039,0.0,0.5722026549570736
2235.671,0.6312684659411035,0.0,0.5724712657716061
2235.681,0.6311327367101521,0.0,0.5727390269441888
2235.691,0.6309954237500954,0.0,0.5730059331624525
2235.701,0.63085652987463,0.0,0.5732719791265333
2235.711,0.6307160579207189,0.0,0.5735371595490388
2235.721,0.6305740107484838,0.0,0.5738014691552511
2235.731,0.6304303912411969,0.0,0.5740649026831399
2235.741,0.6302852023052326,0.0,0.5743274548834503
2235.751,0.6301384468699815,0.0,0.5745891205198586
2235.761,0.629990127887847,0.0,0.5748498943689786
2235.771,0.6298402483341535,0.0,0.5751097712205228
2235.781,0.6296888112071468,0.0,0.5753687458773015
2235.791,0.6295358195278804,0.0,0.5756268131554212
2235.801,0.6293812763402331,0.0,0.5758839678842532
2235.811,0.6292251847107935,0.0,0.5761402049066312
2235.821,0.6290675477288601,0.0,0.5763955190788499
2235.831,0.6289083685063459,0.0,0.576649905270824
2235.841,0.6287476501777801,0.0,0.5769033583660881
2235.851,0.6285853959001917,0.0,0.5771558732619839
2235.861,0.6284216088531122,0.0,0.5774074448696588
2235.871,0.6282562922384752,0.0,0.5776580681142239
2235.881,0.6280894492806199,0.0,0.5779077379347539
2235.891,0.627921083226166,0.0,0.5781564492844783
2235.901,0.6277511973440356,0.0,0.5784041971307533
2235.911,0.6275797949253267,0.0,0.5786509764552528
2235.921,0.6274068792833161,0.0,0.5788967822539679
2235.931,0.6272324537533553,0.0,0.5791416095373615
2235.941,0.6270565216928744,0.0,0.5793854533303687
2235.951,0.6268790864812566,0.0,0.5796283086725781
2235.961,0.6267001515198407,0.0,0.5798701706182317
2235.971,0.6265197202318157,0.0,0.5801110342363779
2235.981,0.6263377960622132,0.0,0.5803508946108853
2235.991,0.6261543824778256,0.0,0.5805897468405607
2236.001,0.6259694829671223,0.0,0.5808275860392652
2236.011,0.6257831010402428,0.0,0.5810644073359289
2236.021,0.6255952402288868,0.0,0.5813002058747005
2236.031,0.6254059040863187,0.0,0.5815349768149489
2236.041,0.6252150961872341,0.0,0.5817687153314385
2236.051,0.6250228201277644,0.0,0.5820014166143307
2236.061,0.6248290795253635,0.0,0.5822330758693313
2236.071,0.6246338780188129,0.0,0.5824636883176922
2236.081,0.6244372192680788,0.0,0.5826932491963919
2236.091,0.6242391069543406,0.0,0.5829217537581094
2236.101,0.6240395447798454,0.0,0.5831491972714037
2236.111,0.6238385364679145,0.0,0.5833755750207151
2236.121,0.623636085762825,0.0,0.5836008823065101
2236.131,0.6234321964298163,0.0,0.5838251144452831
2236.141,0.623226872254947,0.0,0.5840482667697262
2236.151,0.6230201170451024,0.0,0.584270334628731
2236.161,0.6228119346278722,0.0,0.5844913133875307
2236.171,0.6226023288515584,0.0,0.584711198427703
2236.181,0.6223913035850228,0.0,0.5849299851473435
2236.191,0.622178862717718,0.0,0.5851476689610416
2236.201,0.6219650101595338,0.0,0.5853642453000539
2236.211,0.6217497498408043,0.0,0.5855797096123053
2236.221,0.6215330857121828,0.0,0.5857940573625289
2236.231,0.6213150217446434,0.0,0.5860072840322752
2236.241,0.6210955619293604,0.0,0.5862193851200439
2236.251,0.6208747102776423,0.0,0.5864303561413597
2236.261,0.6206524708209278,0.0,0.586640192628789
2236.271,0.6204288476106257,0.0,0.5868488901321043
2236.281,0.6202038447181482,0.0,0.5870564442182661
2236.291,0.6199774662347497,0.0,0.5872628504715859
2236.301,0.6197497162715351,0.0,0.5874681044937307
2236.311,0.6195205989593279,0.0,0.5876722019038567
2236.321,0.6192901184486801,0.0,0.5878751383386137
2236.331,0.6190582789097132,0.0,0.5880769094523004
2236.341,0.6188250845321265,0.0,0.5882775109168691
2236.351,0.6185905395250642,0.0,0.5884769384220566
2236.361,0.6183546481171242,0.0,0.5886751876753896
2236.371,0.6181174145561892,0.0,0.5888722544023423
2236.381,0.6178788431094644,0.0,0.5890681343463192
2236.391,0.6176389380633057,0.0,0.5892628232688122
2236.401,0.6173977037232306,0.0,0.5894563169494049
2236.411,0.6171551444137793,0.0,0.5896486111859007
2236.421,0.6169112644785261,0.0,0.5898397017943284
2236.431,0.6166660682799118,0.0,0.5900295846090898
2236.441,0.6164195601992545,0.0,0.5902182554829659
2236.451,0.6161717446366085,0.0,0.5904057102872413
2236.461,0.6159226260107761,0.0,0.5905919449117107
2236.471,0.6156722087591291,0.0,0.590776955264829
2236.481,0.6154204973376427,0.0,0.5909607372737014
2236.491,0.6151674962207511,0.0,0.5911432868842065
2236.501,0.6149132099012737,0.0,0.5913246000610642
2236.511,0.6146576428904139,0.0,0.5915046727878546
2236.521,0.6144007997175838,0.0,0.5916835010671573
2236.531,0.6141426849304169,0.0,0.5918610809205592
2236.541,0.6138833030946206,0.0,0.5920374083887733
2236.551,0.6136226587939896,0.0,0.5922124795316459
2236.561,0.6133607566302208,0.0,0.5923862904282995
2236.571,0.6130976012229552,0.0,0.5925588371771202
2236.581,0.6128331972095916,0.0,0.5927301158958987
2236.591,0.6125675492453003,0.0,0.5929001227218381
2236.601,0.6123006620028715,0.0,0.5930688538116689
2236.611,0.6120325401727295,0.0,0.5932363053416569
2236.621,0.6117631884627498,0.0,0.5934024735077363
2236.631,0.611492611598274,0.0,0.5935673545255175
2236.641,0.6112208143219552,0.0,0.5937309446303998
2236.651,0.6109478013937731,0.0,0.5938932400775797
2236.661,0.6106735775908407,0.0,0.5940542371421849
2236.671,0.6103981477074497,0.0,0.5942139321192652
2236.681,0.6101215165548758,0.0,0.5943723213239243
2236.691,0.6098436889613937,0.0,0.5945294010913291
2236.701,0.60956466977212,0.0,0.5946851677768178
2236.711,0.6092844638490281,0.0,0.5948396177559092
2236.721,0.6090030760707589,0.0,0.5949927474244272
2236.731,0.6087205113326193,0.0,0.5951445531985191
2236.741,0.608436774546504,0.0,0.5952950315147174
2236.751,0.6081518706407341,0.0,0.595444178830045
2236.761,0.6078658045600972,0.0,0.595591991622011
2236.771,0.6075785812656467,0.0,0.5957384663887372
2236.781,0.6072902057347169,0.0,0.5958835996489661
2236.791,0.6070006829607613,0.0,0.5960273879421643
2236.801,0.6067100179533687,0.0,0.596169827828532
2236.811,0.6064182157380673,0.0,0.5963109158891208
2236.821,0.6061252813563413,0.0,0.5964506487258434
2236.831,0.6058312198654655,0.0,0.596589022961573
2236.841,0.6055360363385237,0.0,0.5967260352401544
2236.851,0.6052397358641999,0.0,0.5968616822265211
2236.861,0.6049423235468302,0.0,0.596995960606691
2236.871,0.6046438045061931,0.0,0.597128867087882
2236.881,0.6043441838775276,0.0,0.5972603983985229
2236.891,0.6040434668113646,0.0,0.5973905512883483
2236.901,0.6037416584735453,0.0,0.597519322528411
2236.911,0.6034387640450182,0.0,0.5976467089111892
2236.921,0.6031347887218564,0.0,0.597772707250599
2236.931,0.6028297377150883,0.0,0.5978973143820856
2236.941,0.6025236162507154,0.0,0.5980205271626364
2236.951,0.6022164295694978,0.0,0.5981423424708883
2236.961,0.6019081829270087,0.0,0.5982627572071262
2236.971,0.6015988815934167,0.0,0.5983817682933901
2236.981,0.6012885308534888,0.0,0.5984993726734932
2236.991,0.6009771360065043,0.0,0.5986155673130767
2237.001,0.6006647023660889,0.0,0.5987303491996927
2237.011,0.6003512352602262,0.0,0.5988437153428203
2237.021,0.6000367400310818,0.0,0.5989556627739507
2237.031,0.5997212220350239,0.0,0.5990661885466013
2237.041,0.5994046866424019,0.0,0.5991752897364145
2237.051,0.599087139237603,0.0,0.5992829634411595
2237.061,0.5987685852188298,0.0,0.5993892067808291
2237.071,0.5984490299981204,0.0,0.5994940168976541
2237.081,0.5981284790011707,0.0,0.5995973909561845
2237.091,0.5978069376673547,0.0,0.5996993261433019
2237.101,0.5974844114495096,0.0,0.5997998196683128
2237.111,0.5971609058139559,0.0,0.5998988687629607
2237.121,0.5968364262403174,0.0,0.5999964706815054
2237.131,0.5965109782215434,0.0,0.6000926227007368
2237.141,0.5961845672636803,0.0,0.6001873221200649
2237.151,0.5958571988859307,0.0,0.6002805662615243
2237.161,0.5955288786204249,0.0,0.6003723524698619
2237.171,0.5951996120122425,0.0,0.600462678112552
2237.181,0.5948694046192293,0.0,0.600551540579869
2237.191,0.5945382620120199,0.0,0.6006389372849039
2237.201,0.5942061897738156,0.0,0.600724865663645
2237.211,0.5938731935004068,0.0,0.6008093231749936
2237.221,0.5935392787999884,0.0,0.6008923073008342
2237.231,0.593204451293163,0.0,0.6009738155460553
2237.241,0.5928687166128034,0.0,0.6010538454386058
2237.251,0.5925320804039125,0.0,0.6011323945295515
2237.261,0.5921945483236284,0.0,0.6012094603930942
2237.271,0.5918561260410364,0.0,0.60128504062664
2237.281,0.5915168192371927,0.0,0.6013591328508141
2237.291,0.5911766336048977,0.0,0.6014317347095354
2237.301,0.5908355748487195,0.0,0.6015028438700316
2237.311,0.5904936486848051,0.0,0.6015724580229042
2237.321,0.590150860840904,0.0,0.6016405748821432
2237.331,0.5898072170561298,0.0,0.6017071921852004
2237.341,0.5894627230810233,0.0,0.6017723076929985
2237.351,0.5891173846773133,0.0,0.6018359191899996
2237.361,0.5887712076179403,0.0,0.6018980244842232
2237.371,0.5884241976868653,0.0,0.6019586214073048
2237.381,0.588076360679094,0.0,0.602017707814513
2237.391,0.5877277024004458,0.0,0.6020752815848139
2237.401,0.5873782286675782,0.0,0.6021313406208886
2237.411,0.5870279453077929,0.0,0.6021858828491878
2237.421,0.5866768581590623,0.0,0.6022389062199514
2237.431,0.5863249730697848,0.0,0.6022904087072685
2237.441,0.5859722958988499,0.0,0.6023403883090906
2237.451,0.5856188325153943,0.0,0.602388843047291
2237.461,0.5852645887988264,0.0,0.6024357709676826
2237.471,0.5849095706386319,0.0,0.6024811701400692
2237.481,0.5845537839343883,0.0,0.6025250386582652
2237.491,0.5841972345955802,0.0,0.6025673746401436
2237.501,0.5838399285415024,0.0,0.60260817622767
2237.511,0.5834818717012666,0.0,0.6026474415869252
2237.521,0.5831230700135533,0.0,0.6026851689081565
2237.531,0.5827635294266785,0.0,0.6027213564057943
2237.541,0.5824032558983449,0.0,0.6027560023185008
2237.551,0.582042255395668,0.0,0.6027891049091902
2237.561,0.5816805338949782,0.0,0.602820662465072
2237.571,0.5813180973818465,0.0,0.6028506732976715
2237.581,0.580954951850845,0.0,0.6028791357428736
2237.591,0.5805911033055733,0.0,0.6029060481609447
2237.601,0.5802265577584581,0.0,0.6029314089365712
2237.611,0.5798613212307812,0.0,0.6029552164788813
2237.621,0.5794953997524265,0.0,0.6029774692214857
2237.631,0.5791287993619485,0.0,0.6029981656224965
2237.641,0.5787615261063198,0.0,0.603017304164567
2237.651,0.5783935860409583,0.0,0.6030348833549124
2237.661,0.5780249852295244,0.0,0.6030509017253443
2237.671,0.5776557297439502,0.0,0.6030653578322933
2237.681,0.577285825664194,0.0,0.6030782502568433
2237.691,0.5769152790782687,0.0,0.6030895776047532
2237.701,0.5765440960820379,0.0,0.6030993385064882
2237.711,0.5761722827792455,0.0,0.6031075316172432
2237.721,0.5757998452812573,0.0,0.6031141556169716
2237.731,0.5754267897071224,0.0,0.6031192092104092
2237.741,0.5750531221833687,0.0,0.6031226911271012
2237.751,0.5746788488439036,0.0,0.6031246001214268
2237.761,0.5743039758300219,0.0,0.6031249349726233
2237.771,0.5739285092901579,0.0,0.6031236944848111
2237.781,0.5735524553799145,0.0,0.6031208774870176
2237.791,0.5731758202618568,0.0,0.6031164828331997
2237.801,0.5727986101055416,0.0,0.6031105094022687
2237.811,0.572420831087258,0.0,0.6031029560981109
2237.821,0.5720424893900984,0.0,0.6030938218496121
2237.831,0.5716635912036993,0.0,0.6030831056106774
2237.841,0.5712841427242692,0.0,0.6030708063602542
2237.851,0.570904150154383,0.0,0.6030569231023519
2237.861,0.5705236197030102,0.0,0.6030414548660656
2237.871,0.5701425575852648,0.0,0.6030244007055917
2237.881,0.5697609700224342,0.0,0.6030057597002527
2237.891,0.5693788632417717,0.0,0.6029855309545116
2237.901,0.5689962434765263,0.0,0.6029637135979977
2237.911,0.5686131169656794,0.0,0.6029403067855171
2237.921,0.5682294899540186,0.0,0.6029153096970801
2237.931,0.567845368691874,0.0,0.6028887215379094
2237.941,0.5674607594351486,0.0,0.6028605415384664
2237.951,0.5670756684451085,0.0,0.6028307689544605
2237.961,0.5666901019884135,0.0,0.6027994030668752
2237.971,0.5663040663368636,0.0,0.6027664431819733
2237.981,0.5659175677674068,0.0,0.6027318886313203
2237.991,0.5655306125620393,0.0,0.6026957387718016
2238.001,0.5651432070075944,0.0,0.6026579929856265
2238.011,0.5647553573958063,0.0,0.6026186506803589
2238.021,0.5643670700230441,0.0,0.6025777112889151
2238.031,0.5639783511903431,0.0,0.6025351742695912
2238.041,0.5635892072031928,0.0,0.6024910391060652
2238.051,0.5631996443715688,0.0,0.6024453053074235
2238.061,0.562809669009676,0.0,0.6023979724081581
2238.071,0.5624192874359811,0.0,0.6023490399681921
2238.081,0.5620285059729994,0.0,0.6022985075728795
2238.091,0.561637330947327,0.0,0.6022463748330326
2238.101,0.5612457686893724,0.0,0.6021926413849121
2238.111,0.560853825533433,0.0,0.6021373068902611
2238.121,0.5604615078174263,0.0,0.6020803710362924
2238.131,0.5600688218829227,0.0,0.6020218335357171
2238.141,0.559675774074931,0.0,0.6019616941267378
2238.151,0.5592823707419314,0.0,0.6018999525730777
2238.161,0.5588886182356172,0.0,0.6018366086639653
2238.171,0.558494522910927,0.0,0.6017716622141634
2238.181,0.5581000911258311,0.0,0.6017051130639588
2238.191,0.5577053292413633,0.0,0.601636961079192
2238.201,0.5573102436213517,0.0,0.601567206151236
2238.211,0.5569148406324956,0.0,0.6014958481970332
2238.221,0.5565191266440953,0.0,0.6014228871590726
2238.231,0.5561231080280621,0.0,0.6013483230054145
2238.241,0.5557267911588165,0.0,0.6012721557296976
2238.251,0.5553301824130845,0.0,0.6011943853511236
2238.261,0.5549332881699197,0.0,0.6011150119144855
2238.271,0.5545361148104878,0.0,0.6010340354901497
2238.281,0.5541386687181002,0.0,0.6009514561740873
2238.291,0.5537409562779428,0.0,0.6008672740878425
2238.301,0.5533429838771532,0.0,0.6007814893785727
2238.311,0.55294475790455,0.0,0.6006941022190152
2238.321,0.5525462847506659,0.0,0.600605112807519
2238.331,0.5521475708075322,0.0,0.6005145213680209
2238.341,0.551748622468712,0.0,0.6004223281500771
2238.351,0.5513494461290401,0.0,0.6003285334288287
2238.361,0.5509500481846554,0.0,0.600233137505033
2238.371,0.5505504350327863,0.0,0.6001361407050364
2238.381,0.550150613071784,0.0,0.6000375433808074
2238.391,0.5497505887008495,0.0,0.5999373459098939
2238.401,0.5493503683201134,0.0,0.599835548695467
2238.411,0.5489499583303631,0.0,0.5997321521662764
2238.421,0.5485493651330763,0.0,0.5996271567766834
2238.431,0.5481485951302052,0.0,0.5995205630066286
2238.441,0.5477476547242108,0.0,0.5994123713616651
2238.451,0.547346550317801,0.0,0.5993025823729129
2238.461,0.5469452883139648,0.0,0.5991911965970922
2238.471,0.5465438751157554,0.0,0.599078214616487
2238.481,0.5461423171263033,0.0,0.5989636370389738
2238.491,0.5457406207486554,0.0,0.5988474644979999
2238.501,0.5453387923856164,0.0,0.5987296976525617
2238.511,0.5449368384397607,0.0,0.5986103371872322
2238.521,0.5445347653132148,0.0,0.5984893838121209
2238.531,0.5441325794076936,0.0,0.5983668382629084
2238.541,0.5437302871242369,0.0,0.5982427013007916
2238.551,0.543327894863245,0.0,0.5981169737125173
2238.561,0.5429254090242616,0.0,0.5979896563103394
2238.571,0.5425228360060091,0.0,0.5978607499320541
2238.581,0.5421201822061151,0.0,0.5977302554409362
2238.591,0.5417174540211924,0.0,0.5975981737257896
2238.601,0.5413146578465661,0.0,0.5974645057008817
2238.611,0.5409118000763079,0.0,0.5973292523059786
2238.621,0.5405088871030206,0.0,0.5971924145062966
2238.631,0.5401059253178726,0.0,0.5970539932925384
2238.641,0.5397029211103359,0.0,0.5969139896808275
2238.651,0.5392998808682212,0.0,0.5967724047127433
2238.661,0.5388968109774621,0.0,0.5966292394552697
2238.671,0.5384937178221496,0.0,0.5964844950008316
2238.681,0.5380906077842593,0.0,0.5963381724672205
2238.691,0.5376874872437325,0.0,0.5961902729976478
2238.701,0.5372843625782024,0.0,0.5960407977606687
2238.711,0.5368812401630303,0.0,0.5958897479502183
2238.721,0.5364781263710887,0.0,0.5957371247855555
2238.731,0.5360750275727858,0.0,0.5955829295112951
2238.741,0.5356719501358618,0.0,0.595427163397354
2238.751,0.5352689004252854,0.0,0.5952698277389351
2238.761,0.534865884803269,0.0,0.595110923856556
2238.771,0.5344629096289935,0.0,0.5949504530959656
2238.781,0.5340599812586917,0.0,0.5947884168281996
2238.791,0.5336571060453741,0.0,0.5946248164494949
2238.801,0.533254290338866,0.0,0.5944596533813273
2238.811,0.5328515404855906,0.0,0.5942929290703467
2238.821,0.5324488628286065,0.0,0.5941246449884159
2238.831,0.5320462637073453,0.0,0.5939548026325246
2238.841,0.5316437494576487,0.0,0.5937834035248284
2238.851,0.5312413264115528,0.0,0.5936104492125802
2238.861,0.5308390008973239,0.0,0.5934359412681691
2238.871,0.530436779239188,0.0,0.5932598812890266
2238.881,0.5300346677574105,0.0,0.5930822708976845
2238.891,0.5296326727680257,0.0,0.5929031117416792
2238.901,0.5292308005828733,0.0,0.5927224054935903
2238.911,0.5288290575093831,0.0,0.5925401538509679
2238.921,0.5284274498506119,0.0,0.5923563585363718
2238.931,0.5280259839049828,0.0,0.5921710212972764
2238.941,0.5276246659663231,0.0,0.5919841439061098
2238.951,0.5272235023236487,0.0,0.5917957281601778
2238.961,0.5268224992612015,0.0,0.5916057758817035
2238.971,0.5264216630581787,0.0,0.5914142889177227
2238.981,0.5260209999888029,0.0,0.5912212691401404
2238.991,0.5256205163221093,0.0,0.5910267184456506
2239.001,0.5252202183218454,0.0,0.590830638755711
2239.011,0.5248201122464852,0.0,0.5906330320165721
2239.021,0.5244202043489705,0.0,0.5904339001991737
2239.031,0.5240205008767482,0.0,0.5902332452991844
2239.041,0.5236210080715566,0.0,0.590031069336918
2239.051,0.5232217321694635,0.0,0.589827374357375
2239.061,0.5228226794005952,0.0,0.5896221624301279
2239.071,0.5224238559892207,0.0,0.5894154356493859
2239.081,0.5220252681534813,0.0,0.5892071961338784
2239.091,0.5216269221054285,0.0,0.5889974460268962
2239.101,0.5212288240508118,0.0,0.5887861874962029
2239.111,0.5208309801891161,0.0,0.5885734227340769
2239.121,0.5204333967133047,0.0,0.5883591539571965
2239.131,0.5200360798098559,0.0,0.5881433834066819
2239.141,0.5196390356585531,0.0,0.5879261133480034
2239.151,0.5192422704325209,0.0,0.5877073460710228
2239.161,0.5188457902979585,0.0,0.5874870838898703
2239.171,0.5184496014142219,0.0,0.5872653291430098
2239.181,0.518053709933557,0.0,0.5870420841931142
2239.191,0.5176581220011374,0.0,0.5868173514271067
2239.201,0.5172628437548535,0.0,0.586591133256064
2239.211,0.5168678813253513,0.0,0.58636343211526
2239.221,0.5164732408357767,0.0,0.5861342504640406
2239.231,0.5160789284017907,0.0,0.585903590785854
2239.241,0.5156849501314729,0.0,0.5856714555882162
2239.251,0.5152913121251119,0.0,0.5854378474026098
2239.261,0.5148980204752771,0.0,0.5852027687845468
2239.271,0.5145050812665534,0.0,0.5849662223134334
2239.281,0.5141125005755793,0.0,0.5847282105926133
2239.291,0.5137202844708395,0.0,0.5844887362492636
2239.301,0.5133284390127011,0.0,0.5842478019344385
2239.311,0.5129369702531623,0.0,0.584005410322937
2239.321,0.5125458842358904,0.0,0.5837615641133462
2239.331,0.5121551869960138,0.0,0.5835162660279342
2239.341,0.5117648845601606,0.0,0.5832695188126945
2239.351,0.5113749829461959,0.0,0.5830213252372025
2239.361,0.5109854881633039,0.0,0.5827716880946874
2239.371,0.510596406211727,0.0,0.5825206102018873
2239.381,0.5102077430828034,0.0,0.582268094399093
2239.391,0.5098195047587608,0.0,0.5820141435500366
2239.401,0.5094316972127553,0.0,0.5817587605419361
2239.411,0.5090443264086216,0.0,0.5815019482853536
2239.421,0.5086573983009114,0.0,0.5812437097142394
2239.431,0.5082709188346878,0.0,0.5809840477858179
2239.441,0.5078848939455648,0.0,0.5807229654806318
2239.451,0.5074993295594473,0.0,0.58046046580239
2239.461,0.5071142315926133,0.0,0.5801965517780413
2239.471,0.5067296059514557,0.0,0.5799312264576203
2239.481,0.5063454585324987,0.0,0.5796644929142767
2239.491,0.5059617952223039,0.0,0.5793963542442324
2239.501,0.5055786218972791,0.0,0.5791268135666674
2239.511,0.5051959444237055,0.0,0.5788558740237586
2239.521,0.5048137686575358,0.0,0.5785835387805578
2239.531,0.5044321004444322,0.0,0.578309811025038
2239.541,0.5040509456195107,0.0,0.5780346939679308
2239.551,0.5036703100074229,0.0,0.5777581908428048
2239.561,0.5032901994221008,0.0,0.5774803049059005
2239.571,0.5029106196667952,0.0,0.5772010394361777
2239.581,0.5025315765338758,0.0,0.5769203977351882
2239.591,0.5021530758048691,0.0,0.5766383831271235
2239.601,0.5017751232502159,0.0,0.5763549989586543
2239.611,0.5013977246293098,0.0,0.5760702485989778
2239.621,0.501020885690298,0.0,0.5757841354396878
2239.631,0.5006446121701202,0.0,0.5754966628948225
2239.641,0.5002689097942565,0.0,0.5752078344006922
2239.651,0.4998937842768084,0.0,0.5749176534159601
2239.661,0.49951924132024844,0.0,0.5746261234214683
2239.671,0.4991452866154575,0.0,0.5743332479202857
2239.681,0.49877192584152974,0.0,0.5740390304375733
2239.691,0.4983991646658096,0.0,0.5737434745206333
2239.701,0.4980270087436534,0.0,0.5734465837387394
2239.711,0.49765546371846847,0.0,0.5731483616831844
2239.721,0.49728453522151733,0.0,0.5728488119671444
2239.731,0.4969142288719347,0.0,0.5725479382257095
2239.741,0.49654455027658634,0.0,0.5722457441157875
2239.751,0.4961755050299277,0.0,0.5719422333160085
2239.761,0.49580709871402084,0.0,0.5716374095267551
2239.771,0.4954393368983418,0.0,0.5713312764700222
2239.781,0.4950722251398181,0.0,0.571023837889466
2239.791,0.4947057689825949,0.0,0.5707150975502271
2239.801,0.494339973958073,0.0,0.5704050592389793
2239.811,0.49397484558471705,0.0,0.5700937267637862
2239.821,0.49361038936809387,0.0,0.5697811039541504
2239.831,0.4932466108006298,0.0,0.5694671946608245
2239.841,0.49288351536169,0.0,0.5691520027558956
2239.851,0.49252110851733677,0.0,0.5688355321325951
2239.861,0.4921593957203677,0.0,0.5685177867053474
2239.871,0.49179838241012663,0.0,0.5681987704096225
2239.881,0.4914380740125414,0.0,0.5678784872019861
2239.891,0.49107847593989457,0.0,0.5675569410599137
2239.901,0.4907195935908617,0.0,0.5672341359818411
2239.911,0.4903614323503234,0.0,0.5669100759870129
2239.921,0.49000399758940366,0.0,0.5665847651155338
2239.931,0.48964729466523255,0.0,0.5662582074281696
2239.941,0.4892913289210239,0.0,0.5659304070064353
2239.951,0.4889361056858399,0.0,0.5656013679523949
2239.961,0.4885816302746285,0.0,0.5652710943887123
2239.971,0.4882279079880389,0.0,0.564939590458496
2239.981,0.48787494411244875,0.0,0.5646068603253409
2239.991,0.48752274391979095,0.0,0.5642729081731815
2240.001,0.48717131266747066,0.0,0.5639377382062297
2240.011,0.4868206555983828,0.0,0.5636013546490064
2240.021,0.48647077794067983,0.0,0.563263761746136
2240.031,0.4861216849078493,0.0,0.5629249637624361
2240.041,0.48577338169848217,0.0,0.5625849649827095
2240.051,0.48542587349631106,0.0,0.5622437697117962
2240.061,0.48507916547002966,0.0,0.5619013822744119
2240.071,0.4847332627733296,0.0,0.5615578070152001
2240.081,0.4843881705446821,0.0,0.5612130482985309
2240.091,0.4840438939073753,0.0,0.5608671105085526
2240.101,0.48370043796933565,0.0,0.5605199980490283
2240.111,0.4833578078231653,0.0,0.5601717153433878
2240.121,0.48301600854591564,0.0,0.5598222668345136
2240.131,0.4826750451991636,0.0,0.5594716569848327
2240.141,0.48233492282878654,0.0,0.5591198902761002
2240.151,0.4819956464649998,0.0,0.5587669712094526
2240.161,0.4816572211221805,0.0,0.5584129043052395
2240.171,0.4813196517989054,0.0,0.5580576941030764
2240.181,0.48098294347773723,0.0,0.5577013451616359
2240.191,0.48064710112526243,0.0,0.5573438620587005
2240.201,0.48031212969191733,0.0,0.5569852493909916
2240.211,0.4799780341120251,0.0,0.5566255117742237
2240.221,0.47964481930357594,0.0,0.5562646538428815
2240.231,0.4793124901682924,0.0,0.5559026802503031
2240.241,0.4789810515914578,0.0,0.5555395956685087
2240.251,0.4786505084418402,0.0,0.5551754047881294
2240.261,0.4783208655717102,0.0,0.5548101123184398
2240.271,0.47799212781663336,0.0,0.5544437229871427
2240.281,0.47766429999550725,0.0,0.5540762415404223
2240.291,0.4773373869103926,0.0,0.5537076727427683
2240.301,0.4770113933465504,0.0,0.55333802137703
2240.311,0.47668632407222694,0.0,0.5529672922441868
2240.321,0.4763621838387283,0.0,0.5525954901634437
2240.331,0.47603897738020706,0.0,0.5522226199720012
2240.341,0.47571670941369937,0.0,0.5518486865251085
2240.351,0.47539538463895914,0.0,0.5514736946958848
2240.361,0.4750750077384945,0.0,0.5510976493753732
2240.371,0.4747555833773669,0.0,0.5507205554723171
2240.381,0.4744371162032279,0.0,0.5503424179132155
2240.391,0.47411961084615584,0.0,0.54996324164214
2240.401,0.47380307191869137,0.0,0.5495830316207904
2240.411,0.47348750401563156,0.0,0.5492017928282571
2240.421,0.47317291171410103,0.0,0.5488195302611194
2240.431,0.4728592995733464,0.0,0.5484362489332073
2240.441,0.47254667213477314,0.0,0.5480519538756558
2240.451,0.4722350339217848,0.0,0.5476666501367197
2240.461,0.47192438943981985,0.0,0.5472803427818292
2240.471,0.4716147431761568,0.0,0.5468930368933593
2240.481,0.4713060995999338,0.0,0.5465047375706622
2240.491,0.4709984631620774,0.0,0.5461154499299912
2240.501,0.47069183829514705,0.0,0.545725179104312
2240.511,0.4703862294133968,0.0,0.5453339302433913
2240.521,0.4700816409125756,0.0,0.5449417085135525
2240.531,0.4697780771699632,0.0,0.5445485190977304
2240.541,0.4694755425442165,0.0,0.5441543671952815
2240.551,0.46917404137540397,0.0,0.5437592580220395
2240.561,0.46887357798481855,0.0,0.5433631968100785
2240.571,0.4685741566750135,0.0,0.5429661888077697
2240.581,0.4682757817296496,0.0,0.542568239279588
2240.591,0.4679784574135315,0.0,0.5421693535061681
2240.601,0.46768218797241357,0.0,0.5417695367840549
2240.611,0.46738697763306974,0.0,0.5413687944258039
2240.621,0.4670928306031013,0.0,0.5409671317597307
2240.631,0.4667997510709725,0.0,0.5405645541299661
2240.641,0.4665077432058621,0.0,0.5401610668962615
2240.651,0.4662168111576986,0.0,0.5397566754340443
2240.661,0.46592695905697934,0.0,0.5393513851341756
2240.671,0.4656381910148067,0.0,0.5389452014030065
2240.681,0.4653505111227409,0.0,0.5385381296621806
2240.691,0.465063923452836,0.0,0.53813017534869
2240.701,0.4647784320574539,0.0,0.537721343914619
2240.711,0.46449404096933194,0.0,0.537311640827247
2240.721,0.4642107542013987,0.0,0.5369010715687911
2240.731,0.4639285757467932,0.0,0.5364896416364382
2240.741,0.4636475095788027,0.0,0.5360773565422626
2240.751,0.4633675596507291,0.0,0.5356642218130362
2240.761,0.4630887298959163,0.0,0.5352502429902729
2240.771,0.4628110242276094,0.0,0.5348354256300275
2240.781,0.4625344465389893,0.0,0.5344197753029518
2240.791,0.46225900070299475,0.0,0.5340032975940333
2240.801,0.4619846905723878,0.0,0.5335859981026986
2240.811,0.46171151997957693,0.0,0.5331678824425508
2240.821,0.46143949273665213,0.0,0.5327489562414263
2240.831,0.4611686126352482,0.0,0.53232922514119
2240.841,0.4608988834465787,0.0,0.5319086947977925
2240.851,0.4606303089212705,0.0,0.5314873708810164
2240.861,0.4603628927893979,0.0,0.5310652590745332
2240.871,0.46009663876034923,0.0,0.5306423650756975
2240.881,0.4598315505228601,0.0,0.5302186945956032
2240.891,0.4595676317448444,0.0,0.5297942533588169
2240.901,0.4593048860734572,0.0,0.5293690471034824
2240.911,0.4590433171349268,0.0,0.5289430815810525
2240.921,0.458782928534589,0.0,0.5285163625563465
2240.931,0.45852372385675666,0.0,0.5280888958073404
2240.941,0.45826570666475386,0.0,0.5276606871252248
2240.951,0.45800888050075816,0.0,0.5272317423141463
2240.961,0.4577532488858338,0.0,0.5268020671912642
2240.971,0.45749881531980546,0.0,0.5263716675865407
2240.981,0.457245583281277,0.0,0.525940549342773
2240.991,0.4569935562275414,0.0,0.5255087183154437
2241.001,0.4567427375944925,0.0,0.525076180372569
2241.011,0.45649313079664383,0.0,0.5246429413947329
2241.021,0.4562447392270055,0.0,0.5242090072748733
2241.031,0.45599756625711657,0.0,0.5237743839183399
2241.041,0.4557516152368954,0.0,0.5233390772426317
2241.051,0.4555068894946727,0.0,0.5229030931774543
2241.061,0.4552633923370705,0.0,0.5224664376645051
2241.071,0.4550211270490353,0.0,0.5220291166575318
2241.081,0.45478009689368437,0.0,0.5215911361220547
2241.091,0.4545403051123656,0.0,0.521152502035474
2241.101,0.4543017549245058,0.0,0.5207132203867924
2241.111,0.45406444952764335,0.0,0.5202732971766721
2241.121,0.45382839209731174,0.0,0.5198327384172186
2241.131,0.45359358578707226,0.0,0.519391550132038
2241.141,0.45336003372837164,0.0,0.5189497383559705
2241.151,0.453127739030575,0.0,0.5185073091351474
2241.161,0.4528967047808523,0.0,0.5180642685267735
2241.171,0.45266693404421043,0.0,0.5176206225991847
2241.181,0.45243842986334815,0.0,0.5171763774315667
2241.191,0.45221119525871456,0.0,0.5167315391140629
2241.201,0.4519852332283658,0.0,0.5162861137474921
2241.211,0.4517605467479974,0.0,0.5158401074434066
2241.221,0.4515371387708348,0.0,0.5153935263238714
2241.231,0.45131501222765896,0.0,0.5149463765215105
2241.241,0.45109417002670466,0.0,0.5144986641792982
2241.251,0.4508746150536168,0.0,0.5140503954504649
2241.261,0.4506563501714699,0.0,0.5136015764985298
2241.271,0.4504393782206304,0.0,0.5131522134970152
2241.281,0.4502237020188142,0.0,0.5127023126295566
2241.291,0.4500093243609503,0.0,0.5122518800896149
2241.301,0.44979624801921375,0.0,0.511800922080536
2241.311,0.4495844757429224,0.0,0.5113494448153264
2241.321,0.4493740102585675,0.0,0.510897454516713
2241.331,0.4491648542696895,0.0,0.5104449574168666
2241.341,0.44895701045690883,0.0,0.5099919597574608
2241.351,0.44875048147782615,0.0,0.5095384677894479
2241.361,0.4485452699670536,0.0,0.5090844877731168
2241.371,0.4483413785360868,0.0,0.5086300259778038
2241.381,0.44813880977335996,0.0,0.5081750886820028
2241.391,0.44793756624411896,0.0,0.5077196821730744
2241.401,0.4477376504904532,0.0,0.5072638127473057
2241.411,0.44753906503120044,0.0,0.5068074867096827
2241.421,0.44734181236197645,0.0,0.5063507103739495
2241.431,0.44714589495505963,0.0,0.5058934900623303
2241.441,0.4469513152594211,0.0,0.5054358321055865
2241.451,0.44675807570063264,0.0,0.5049777428427907
2241.461,0.44656617868089743,0.0,0.5045192286213845
2241.471,0.44637562657893104,0.0,0.5040602957968862
2241.481,0.4461864217500091,0.0,0.5036009507329877
2241.491,0.44599856652587677,0.0,0.5031411998013275
2241.501,0.44581206321471595,0.0,0.5026810493813909
2241.511,0.44562691410116306,0.0,0.5022205058605441
2241.521,0.44544312144620196,0.0,0.5017595756337516
2241.531,0.44526068748719333,0.0,0.501298265103636
2241.541,0.44507961443778954,0.0,0.5008365806802471
2241.551,0.4448999044879646,0.0,0.5003745287811217
2241.561,0.44472155980390404,0.0,0.4999121158309875
2241.571,0.44454458252805545,0.0,0.4994493482618744
2241.581,0.4443689747790205,0.0,0.4989862325128182
2241.591,0.44419473865158465,0.0,0.4985227750299193
2241.601,0.4440218762166368,0.0,0.49805898226611184
2241.611,0.4438503895211977,0.0,0.49759486068122216
2241.621,0.4436802805883218,0.0,0.49713041674168523
2241.631,0.4435115514171261,0.0,0.496665656920603
2241.641,0.4433442039827131,0.0,0.4962005876975124
2241.651,0.4431782402361989,0.0,0.4957352155584445
2241.661,0.443013662104614,0.0,0.49526954699562603
2241.671,0.4428504714909512,0.0,0.49480358850759093
2241.681,0.4426886702740669,0.0,0.49433734659888184
2241.691,0.44252826030871045,0.0,0.4938708277801084
2241.701,0.4423692434254516,0.0,0.4934040385677148
2241.711,0.4422116214307079,0.0,0.4929369854840381
2241.721,0.44205539610665634,0.0,0.49246967505702194
2241.731,0.4419005692112525,0.0,0.49200211382024883
2241.741,0.4417471424782048,0.0,0.49153430831283923
2241.751,0.44159511761690606,0.0,0.4910662650792178
2241.761,0.4414444963124752,0.0,0.49059799066921184
2241.771,0.441295280225667,0.0,0.490129491637751
2241.781,0.4411474709929014,0.0,0.4896607745449255
2241.791,0.44100107022619706,0.0,0.4891918459557519
2241.801,0.44085607951319933,0.0,0.4887227124402316
2241.811,0.4407125004170991,0.0,0.4882533805730631
2241.821,0.440570334476661,0.0,0.48778385693370024
2241.831,0.44042958320616066,0.0,0.4873141481061174
2241.841,0.44029024809541173,0.0,0.486844260678868
2241.851,0.44015233060968556,0.0,0.4863742012447824
2241.861,0.44001583218975404,0.0,0.48590397640108024
2241.871,0.43988075425181034,0.0,0.48543359274906744
2241.881,0.4397470981874967,0.0,0.4849630568941953
2241.891,0.4396148653638462,0.0,0.4844923754458246
2241.901,0.4394840571233101,0.0,0.4840215550172839
2241.911,0.4393546747836861,0.0,0.4835506022255801
2241.921,0.4392267196381455,0.0,0.4830795236914571
2241.931,0.4391001929551791,0.0,0.48260832603915943
2241.941,0.4389750959786229,0.0,0.48213701589649033
2241.951,0.4388514299275881,0.0,0.4816655998945092
2241.961,0.4387291959965008,0.0,0.4811940846676427
2241.971,0.43860839535503426,0.0,0.48072247685338176
2241.981,0.43848902914812754,0.0,0.4802507830923127
2241.991,0.4383710984959702,0.0,0.47977901002801493
2242.001,0.43825460449395726,0.0,0.47930716430683734
2242.011,0.43813954821271156,0.0,0.478835252577943
2242.021,0.4380259306980372,0.0,0.4783632814930726
2242.031,0.43791375297094437,0.0,0.4778912577066025
2242.041,0.43780301602758837,0.0,0.4774191878752401
2242.051,0.4376937208393078,0.0,0.47694707865813635
2242.061,0.43758586835256463,0.0,0.47647493671658103
2242.071,0.4374794594889701,0.0,0.47600276871406094
2242.081,0.4373744951452423,0.0,0.47553058131602244
2242.091,0.4372709761932313,0.0,0.4750583811899299
2242.101,0.43716890347986626,0.0,0.4745861750049739
2242.111,0.4370682778271812,0.0,0.4741139694321299
2242.121,0.4369691000322761,0.0,0.4736417711439204
2242.131,0.43687137086734057,0.0,0.47316958681447285
2242.141,0.4367750910796038,0.0,0.47269742311921503
2242.151,0.43668026139136945,0.0,0.47222528673498665
2242.161,0.4365868824999667,0.0,0.47175318433973445
2242.171,0.4364949550777746,0.0,0.4712811226125703
2242.181,0.43640447977218827,0.0,0.4708091082335333
2242.191,0.43631545720564274,0.0,0.4703371478836474
2242.201,0.4362278879755708,0.0,0.46986524824463044
2242.211,0.43614177265442683,0.0,0.4693934159989515
2242.221,0.43605711178965595,0.0,0.4689216578295932
2242.231,0.43597390590371377,0.0,0.46844998042008285
2242.241,0.4358921554940478,0.0,0.46797839045432116
2242.251,0.4358118610330828,0.0,0.4675068946164124
2242.261,0.4357330229682385,0.0,0.4670354995906946
2242.271,0.43565564172190374,0.0,0.46656421206150217
2242.281,0.43557971769145964,0.0,0.46609303871322294
2242.291,0.43550525124924566,0.0,0.46562198623000745
2242.301,0.43543224274258313,0.0,0.4651510612958258
2242.311,0.4353606924937521,0.0,0.46468027059423034
2242.321,0.4352906008000139,0.0,0.46420962080841294
2242.331,0.43522196793358,0.0,0.46373911862090045
2242.341,0.4351547941416421,0.0,0.46326877071366546
2242.351,0.4350890796463428,0.0,0.46279858376782185
2242.361,0.4350248246447984,0.0,0.4623285644636821
2242.371,0.4349620293090806,0.0,0.4618587194805199
2242.381,0.4349006937862387,0.0,0.46138905549662684
2242.391,0.43484081819827564,0.0,0.4609195791890224
2242.401,0.434782402642171,0.0,0.46045029723350994
2242.411,0.43472544718986533,0.0,0.4599812163044407
2242.421,0.4346699518882827,0.0,0.45951234307476957
2242.431,0.43461591675930894,0.0,0.45904368421575215
2242.441,0.43456334179981976,0.0,0.45857524639705444
2242.451,0.43451222698166175,0.0,0.45810703628644955
2242.461,0.43446257225167395,0.0,0.45763906054987424
2242.471,0.4344143775316777,0.0,0.45717132585119236
2242.481,0.43436764271849704,0.0,0.4567038388522379
2242.491,0.4343223676839511,0.0,0.4562366062125921
2242.501,0.43427855227486023,0.0,0.45576963458948
2242.511,0.4342361963130643,0.0,0.4553029306378002
2242.521,0.4341952995954109,0.0,0.4548365010098223
2242.531,0.43415586189378097,0.0,0.45437035235529644
2242.541,0.43411788295507847,0.0,0.4539044913211506
2242.551,0.4340813625012519,0.0,0.45343892455154716
2242.561,0.4340463002292912,0.0,0.45297365868764705
2242.571,0.43401269581124885,0.0,0.45250870036766555
2242.581,0.43398054889423404,0.0,0.45204405622658433
2242.591,0.4339498591004339,0.0,0.45157973289620684
2242.601,0.43392062602711423,0.0,0.4511157370049236
2242.611,0.4338928492466395,0.0,0.45065207517776745
2242.621,0.4338665283064707,0.0,0.4501887540361133
2242.631,0.43384166272918945,0.0,0.44972578019778586
2242.641,0.43381825201249696,0.0,0.4492631602767595
2242.651,0.4337962956292355,0.0,0.4488009008832138
2242.661,0.4337757930273928,0.0,0.4483390086232989
2242.671,0.4337567436301221,0.0,0.4478774900991912
2242.681,0.4337391468357473,0.0,0.4474163519088068
2242.691,0.43372300201778213,0.0,0.4469556006458563
2242.701,0.4337083085249396,0.0,0.446495242899612
2242.711,0.43369506568115046,0.0,0.44603528525496206
2242.721,0.43368327278557234,0.0,0.4455757342921123
2242.731,0.4336729291126099,0.0,0.4451165965866802
2242.741,0.43366403391192665,0.0,0.44465787870946205
2242.751,0.4336565864084607,0.0,0.444199587226331
2242.761,0.4336505858024437,0.0,0.44374172869826545
2242.771,0.43364603126941337,0.0,0.44328430968106464
2242.781,0.43364292196023374,0.0,0.44282733672540336
2242.791,0.43364125700111034,0.0,0.4423708163766
2242.801,0.43364103549360894,0.0,0.44191475517467066
2242.811,0.4336422565146732,0.0,0.441459159654033
2242.821,0.43364491911664277,0.0,0.4410040363436121
2242.831,0.4336490223272734,0.0,0.4405493917665452
2242.841,0.43365456514975453,0.0,0.4400952324402348
2242.851,0.43366154656273104,0.0,0.43964156487611894
2242.861,0.43366996552032044,0.0,0.43918839557972467
2242.871,0.43367982095213675,0.0,0.4387357310503862
2242.881,0.4336911117633083,0.0,0.4382835777812988
2242.891,0.433703836834502,0.0,0.4378319422592893
2242.901,0.4337179950219407,0.0,0.4373808309648692
2242.911,0.43373358515743143,0.0,0.43693025037194155
2242.921,0.4337506060483803,0.0,0.4364802069479057
2242.931,0.4337690564778231,0.0,0.4360307071533643
2242.941,0.433788935204442,0.0,0.43558175744217664
2242.951,0.43381024096259524,0.0,0.4351333642612308
2242.961,0.43383297246233343,0.0,0.4346855340504958
2242.971,0.4338571283894331,0.0,0.43423827324274406
2242.981,0.4338827074054147,0.0,0.4337915882635779
2242.991,0.4339097081475684,0.0,0.4333454855313302
2243.001,0.4339381292289861,0.0,0.4328999714568371
2243.011,0.43396796923857694,0.0,0.4324550524435292
2243.021,0.4339992267411046,0.0,0.43201073488714153
2243.031,0.4340319002772052,0.0,0.43156702517576595
2243.041,0.43406598836342275,0.0,0.43112392968962593
2243.051,0.43410148949222527,0.0,0.430681454801128
2243.061,0.43413840213204713,0.0,0.43023960687458707
2243.071,0.43417672472730434,0.0,0.4297983922662778
2243.081,0.4342164556984348,0.0,0.42935781732421047
2243.091,0.4342575934419134,0.0,0.42891788838818284
2243.101,0.4343001363302995,0.0,0.42847861178949337
2243.111,0.43434408271224695,0.0,0.4280399938510429
2243.121,0.4343894309125536,0.0,0.4276020408870493
2243.131,0.4344361792321763,0.0,0.42716475920309865
2243.141,0.43448432594827546,0.0,0.42672815509592255
2243.151,0.4345338693142301,0.0,0.4262922348534498
2243.161,0.43458480755968876,0.0,0.4258570047545342
2243.171,0.43463713889058536,0.0,0.4254224710690059
2243.181,0.4346908614891861,0.0,0.4249886400574504
2243.191,0.4347459735141045,0.0,0.4245555179712589
2243.201,0.43480247310035747,0.0,0.4241231110523462
2243.211,0.43486035835937464,0.0,0.4236914255332506
2243.221,0.43491962737905593,0.0,0.4232604676368529
2243.231,0.4349802782237902,0.0,0.4228302435764014
2243.241,0.4350423089344899,0.0,0.4224007595554165
2243.251,0.4351057175286417,0.0,0.4219720217674826
2243.261,0.435170502000323,0.0,0.4215440363962872
2243.271,0.4352366603202564,0.0,0.4211168096154023
2243.281,0.43530419043582314,0.0,0.42069034758833457
2243.291,0.435373090271129,0.0,0.42026465646824684
2243.301,0.4354433577270102,0.0,0.4198397423980564
2243.311,0.4355149906811006,0.0,0.41941561151015816
2243.321,0.4355879869878455,0.0,0.41899226992647404
2243.331,0.4356623444785609,0.0,0.4185697237582371
2243.341,0.4357380609614465,0.0,0.4181479791060405
2243.351,0.43581513422165474,0.0,0.4177270420595749
2243.361,0.4358935620213045,0.0,0.41730691869767705
2243.371,0.435973342099543,0.0,0.4168876150881158
2243.381,0.4360544721725586,0.0,0.41646913728764096
2243.391,0.4361369499336561,0.0,0.41605149134170993
2243.401,0.4362207730532603,0.0,0.4156346832845842
2243.411,0.43630593917899274,0.0,0.41521871913905706
2243.421,0.4363924459356844,0.0,0.41480360491650214
2243.431,0.43648029092544294,0.0,0.4143893466166617
2243.441,0.43656947172766425,0.0,0.4139759502276945
2243.451,0.43665998589911115,0.0,0.413563421725918
2243.461,0.4367518309739259,0.0,0.4131517670758559
2243.471,0.43684500446369956,0.0,0.41274099223002847
2243.481,0.43693950385748964,0.0,0.4123311031289767
2243.491,0.43703532662187705,0.0,0.411922105701111
2243.501,0.43713247020102514,0.0,0.41151400586256104
2243.511,0.43723093201669694,0.0,0.41110680951719986
2243.521,0.43733070946832797,0.0,0.41070052255643574
2243.531,0.4374317999330391,0.0,0.4102951508592593
2243.541,0.4375342007657211,0.0,0.40989070029199065
2243.551,0.4376379092990477,0.0,0.40948717670832546
2243.561,0.4377429228435511,0.0,0.4090845859491298
2243.571,0.43784923868763376,0.0,0.4086829338424859
2243.581,0.4379568540976603,0.0,0.4082822262034304
2243.591,0.4380657663179578,0.0,0.407882468834046
2243.601,0.4381759725709091,0.0,0.40748366752320014
2243.611,0.43828747005696483,0.0,0.40708582804659166
2243.621,0.43840025595472343,0.0,0.406688956166547
2243.631,0.43851432742094254,0.0,0.40629305763206636
2243.641,0.4386296815906331,0.0,0.40589813817857584
2243.651,0.43874631557707094,0.0,0.4055042035279736
2243.661,0.43886422647187995,0.0,0.4051112593884283
2243.671,0.43898341134504265,0.0,0.4047193114544241
2243.681,0.43910386724500167,0.0,0.404328365406505
2243.691,0.4392255911986568,0.0,0.40393842691136406
2243.701,0.4393485802114681,0.0,0.40354950162158854
2243.711,0.43947283126746717,0.0,0.40316159517570516
2243.721,0.4395983413293436,0.0,0.40277471319798125
2243.731,0.4397251073384597,0.0,0.40238886129845863
2243.741,0.4398531262149348,0.0,0.40200404507276677
2243.751,0.43998239485769974,0.0,0.4016202701020361
2243.761,0.44011291014451376,0.0,0.4012375419529203
2243.771,0.4402446689320737,0.0,0.40085586617734553
2243.781,0.44037766805601,0.0,0.40047524831259845
2243.791,0.4405119043309962,0.0,0.4000956938810766
2243.801,0.4406473745507601,0.0,0.3997172083903327
2243.811,0.44078407548817733,0.0,0.3993397973328807
2243.821,0.44092200389528025,0.0,0.39896346618623907
2243.831,0.4410611565033692,0.0,0.3985882204126954
2243.841,0.44120153002302154,0.0,0.39821406545934956
2243.851,0.4413431211441888,0.0,0.39784100675792217
2243.861,0.4414859265362053,0.0,0.3974690497247975
2243.871,0.4416299428479064,0.0,0.39709819976077987
2243.881,0.4417751667076213,0.0,0.3967284622511785
2243.891,0.4419215947232928,0.0,0.39635984256556595
2243.901,0.442069223482486,0.0,0.3959923460578198
2243.911,0.44221804955248967,0.0,0.395625978065935
2243.921,0.44236806948032403,0.0,0.39526074391206556
2243.931,0.4425192797928598,0.0,0.394896648902296
2243.941,0.4426716769968274,0.0,0.39453369832668284
2243.951,0.4428252575789196,0.0,0.39417189745906933
2243.961,0.44298001800580034,0.0,0.39381125155712626
2243.971,0.44313595472423084,0.0,0.393451765862116
2243.981,0.44329306416106484,0.0,0.39309344559896453
2243.991,0.4434513427233545,0.0,0.39273629597607757
2244.001,0.443610786798412,0.0,0.3923803221852598
2244.011,0.4437713927538268,0.0,0.3920255294017349
2244.021,0.4439331569375918,0.0,0.3916719227839235
2244.031,0.4440960756781107,0.0,0.3913195074734834
2244.041,0.4442601452843077,0.0,0.3909682885951294
2244.051,0.44442536204563504,0.0,0.39061827125667314
2244.061,0.44459172223220644,0.0,0.39026946054879375
2244.071,0.4447592220947865,0.0,0.3899218615451175
2244.081,0.44492785786492545,0.0,0.3895754793019903
2244.091,0.4450976257549668,0.0,0.389230318858517
2244.101,0.4452685219581607,0.0,0.38888638523638464
2244.111,0.4454405426486708,0.0,0.38854368343990164
2244.121,0.4456136839817078,0.0,0.3882022184557828
2244.131,0.44578794209353684,0.0,0.38786199525318843
2244.141,0.4459633131015932,0.0,0.3875230187835502
2244.151,0.4461397931044887,0.0,0.38718529398060925
2244.161,0.44631737818215395,0.0,0.386848825760195
2244.171,0.44649606439582473,0.0,0.3865136190203021
2244.181,0.44667584778818503,0.0,0.3861796786408705
2244.191,0.4468567243833744,0.0,0.38584700948382344
2244.201,0.4470386901871066,0.0,0.3855156163928971
2244.211,0.44722174118667646,0.0,0.3851855041936781
2244.221,0.4474058733511004,0.0,0.3848566776933963
2244.231,0.447591082631134,0.0,0.3845291416809443
2244.241,0.44777736495934084,0.0,0.38420290092680165
2244.251,0.4479647162502145,0.0,0.3838779601828678
2244.261,0.4481531324001692,0.0,0.3835543241825274
2244.271,0.4483426092876894,0.0,0.38323199764043725
2244.281,0.4485331427733367,0.0,0.3829109852525635
2244.291,0.4487247286998734,0.0,0.38259129169601697
2244.301,0.4489173628922689,0.0,0.3822729216290888
2244.311,0.4491110411578475,0.0,0.38195587969105144
2244.321,0.44930575928629324,0.0,0.38164017050219423
2244.331,0.4495015130497781,0.0,0.38132579866366156
2244.341,0.44969829820296653,0.0,0.38101276875748846
2244.351,0.449896110483172,0.0,0.3807010853463952
2244.361,0.4500949456103397,0.0,0.38039075297385827
2244.371,0.450294799287204,0.0,0.38008177616390676
2244.381,0.4504956671992939,0.0,0.3797741594211574
2244.391,0.45069754501506365,0.0,0.3794679072306567
2244.401,0.4509004283858971,0.0,0.3791630240579157
2244.411,0.4511043129462632,0.0,0.3788595143487181
2244.421,0.4513091943137201,0.0,0.37855738252915533
2244.431,0.4515150680890485,0.0,0.3782566330054711
2244.441,0.4517219298562563,0.0,0.3779572701640953
2244.451,0.45192977518274147,0.0,0.3776592983714477
2244.461,0.4521385996192734,0.0,0.3773627219740057
2244.471,0.4523483987001572,0.0,0.3770675452981095
2244.481,0.4525591679432507,0.0,0.3767737726499788
2244.491,0.45277090285004007,0.0,0.3764814083156458
2244.501,0.4529835989057702,0.0,0.37619045656081257
2244.511,0.453197251579456,0.0,0.37590092163087635
2244.521,0.4534118563240191,0.0,0.3756128077507808
2244.531,0.4536274085762926,0.0,0.37532611912504815
2244.541,0.4538439037571899,0.0,0.37504085993759095
2244.551,0.45406133727168474,0.0,0.37475703435177726
2244.561,0.45427970450898114,0.0,0.37447464651024376
2244.571,0.4544990008425179,0.0,0.3741937005349282
2244.581,0.4547192216301093,0.0,0.3739142005269245
2244.591,0.45494036221394857,0.0,0.3736361505665148
2244.601,0.4551624179207751,0.0,0.3733595547129941
2244.611,0.4553853840618781,0.0,0.3730844170047021
2244.621,0.4556092559332394,0.0,0.3728107414588814
2244.631,0.45583402881553703,0.0,0.37253853207170856
2244.641,0.45605969797432094,0.0,0.3722677928181151
2244.651,0.45628625865999084,0.0,0.37199852765184904
2244.661,0.45651370610797326,0.0,0.37173074050529775
2244.671,0.45674203553872467,0.0,0.37146443528951856
2244.681,0.4569712421578777,0.0,0.37119961589410166
2244.691,0.45720132115624396,0.0,0.37093628618719987
2244.701,0.45743226770998735,0.0,0.3706744500153626
2244.711,0.45766407698062644,0.0,0.3704141112035664
2244.721,0.45789674411518344,0.0,0.37015527355508027
2244.731,0.45813026424619946,0.0,0.3698979408514805
2244.741,0.45836463249185,0.0,0.3696421168525542
2244.751,0.45859984395606174,0.0,0.3693878052962046
2244.761,0.45883589372852773,0.0,0.36913500989846526
2244.771,0.45907277688485854,0.0,0.3688837343533699
2244.781,0.45931048848658396,0.0,0.3686339823329805
2244.791,0.45954902358133204,0.0,0.36838575748723035
2244.801,0.4597883772028307,0.0,0.36813906344395186
2244.811,0.4600285443710606,0.0,0.3678939038087498
2244.821,0.4602695200922572,0.0,0.3676502821650287
2244.831,0.4605112993590975,0.0,0.3674082020738324
2244.841,0.46075387715067606,0.0,0.3671676670738997
2244.851,0.4609972484326917,0.0,0.3669286806815048
2244.861,0.46124140815745107,0.0,0.3666912463904857
2244.871,0.461486351264023,0.0,0.3664553676721209
2244.881,0.4617320726782403,0.0,0.3662210479751563
2244.891,0.46197856731288317,0.0,0.3659882907256574
2244.901,0.46222583006768186,0.0,0.365757099327036
2244.911,0.46247385582947276,0.0,0.3655274771599305
2244.921,0.4627226394722002,0.0,0.36529942758223233
2244.931,0.4629721758571091,0.0,0.36507295392893524
2244.941,0.46322245983271865,0.0,0.3648480595121867
2244.951,0.46347348623501583,0.0,0.3646247476211404
2244.961,0.46372524988745717,0.0,0.3644030215219807
2244.971,0.4639777456011276,0.0,0.3641828844578089
2244.981,0.46423096817474946,0.0,0.36396433964866143
2244.991,0.464484912394835,0.0,0.3637473902914029
2245.001,0.4647395730357742,0.0,0.363532039559677
2245.011,0.46499494485985104,0.0,0.36331829060391796
2245.021,0.4652510226174407,0.0,0.36310614655120965
2245.031,0.46550780104698164,0.0,0.362895610505334
2245.041,0.465765274875174,0.0,0.36268668554663186
2245.051,0.4660234388169807,0.0,0.36247937473202685
2245.061,0.4662822875757903,0.0,0.36227368109491864
2245.071,0.46654181584341814,0.0,0.36206960764520524
2245.081,0.46680201830029866,0.0,0.36186715736915476
2245.091,0.467062889615487,0.0,0.3616663332294285
2245.101,0.46732442444682293,0.0,0.3614671381649768
2245.111,0.4675866174409319,0.0,0.3612695750910616
2245.121,0.4678494632334269,0.0,0.36107364689912624
2245.131,0.4681129564488797,0.0,0.36087935645683966
2245.141,0.4683770917010234,0.0,0.36068670660796853
2245.151,0.46864186359275395,0.0,0.3604957001723985
2245.161,0.4689072667162959,0.0,0.36030633994603634
2245.171,0.4691732956532034,0.0,0.3601186287008304
2245.181,0.46943994497455704,0.0,0.3599325691846523
2245.191,0.46970720924096476,0.0,0.35974816412131816
2245.201,0.4699750830027296,0.0,0.35956541621049326
2245.211,0.47024356079984997,0.0,0.35938432812771215
2245.221,0.4705126371622262,0.0,0.3592049025242595
2245.231,0.4707823066096385,0.0,0.3590271420272057
2245.241,0.47105256365191517,0.0,0.35885104923931443
2245.251,0.4713234027890259,0.0,0.35867662673900264
2245.261,0.47159481851109714,0.0,0.3585038770803499
2245.271,0.47186680529861286,0.0,0.358332802792989
2245.281,0.47213935762241516,0.0,0.3581634063821256
2245.291,0.4724124699438746,0.0,0.3579956903284505
2245.301,0.47268613671489057,0.0,0.35782965708815834
2245.311,0.47296035237810136,0.0,0.35766530909283784
2245.321,0.473235111366853,0.0,0.3575026487495093
2245.331,0.47351040810541034,0.0,0.3573416784405168
2245.341,0.47378623700895717,0.0,0.35718240052354666
2245.351,0.47406259248376825,0.0,0.35702481733154495
2245.361,0.4743394689272098,0.0,0.3568689311727349
2245.371,0.4746168607279438,0.0,0.3567147443305183
2245.381,0.4748947622659279,0.0,0.3565622590634931
2245.391,0.47517316791258896,0.0,0.3564114776053744
2245.401,0.4754520720308231,0.0,0.3562624021650111
2245.411,0.4757314689752094,0.0,0.3561150349262875
2245.421,0.47601135309197773,0.0,0.3559693780481567
2245.431,0.4762917187192236,0.0,0.35582543366454406
2245.441,0.47657256018690763,0.0,0.3556832038843637
2245.451,0.4768538718170311,0.0,0.3555426907914446
2245.461,0.47713564792363516,0.0,0.3554038964445463
2245.471,0.4774178828130091,0.0,0.3552668228772709
2245.481,0.4777005707837056,0.0,0.35513147209807105
2245.491,0.477983706126637,0.0,0.3549978460902181
2245.501,0.47826728312525163,0.0,0.35486594681173256
2245.511,0.47855129605550933,0.0,0.3547357761954111
2245.521,0.4788357391860986,0.0,0.3546073361487393
2245.531,0.47912060677843643,0.0,0.3544806285539069
2245.541,0.47940589308684556,0.0,0.35435565526774165
2245.551,0.4796915923585537,0.0,0.35423241812172346
2245.561,0.47997769883390434,0.0,0.35411091892190566
2245.571,0.48026420674635595,0.0,0.35399115944892956
2245.581,0.4805511103226605,0.0,0.35387314145796167
2245.591,0.4808384037828626,0.0,0.3537568666787071
2245.601,0.48112608134051926,0.0,0.3536423368153319
2245.611,0.48141413720266646,0.0,0.3535295535464902
2245.621,0.48170256557003943,0.0,0.353418518525248
2245.631,0.4819913606370716,0.0,0.3533092333790966
2245.641,0.4822805165920747,0.0,0.3532016997098956
2245.651,0.4825700276172378,0.0,0.3530959190938845
2245.661,0.4828598878888398,0.0,0.3529918930816159
2245.671,0.4831500915772494,0.0,0.3528896231979668
2245.681,0.4834406328471052,0.0,0.352789110942086
2245.691,0.4837315058573144,0.0,0.35269035778740454
2245.701,0.4840227047612758,0.0,0.3525933651815707
2245.711,0.48431422370684485,0.0,0.3524981345464715
2245.721,0.48460605683655705,0.0,0.3524046672781696
2245.731,0.4848981982876431,0.0,0.3523129647469088
2245.741,0.48519064219212765,0.0,0.3522230282970918
2245.751,0.48548338267700236,0.0,0.3521348592472362
2245.761,0.4857764138642341,0.0,0.35204845888998215
2245.771,0.48606972987094565,0.0,0.351963828492047
2245.781,0.48636332480941613,0.0,0.35188096929423474
2245.791,0.48665719278730374,0.0,0.35179988251138067
2245.801,0.48695132790761214,0.0,0.35172056933237006
2245.811,0.4872457242689144,0.0,0.351643030920085
2245.821,0.4875403759653522,0.0,0.35156726841141306
2245.831,0.4878352770868186,0.0,0.3514932829172083
2245.841,0.4881304217189568,0.0,0.3514210755222986
2245.851,0.4884258039433775,0.0,0.35135064728543985
2245.861,0.4887214178376566,0.0,0.35128199923932407
2245.871,0.4890172574755199,0.0,0.35121513239054325
2245.881,0.48931331692684094,0.0,0.3511500477195968
2245.891,0.4896095902578673,0.0,0.3510867461808478
2245.901,0.4899060715311859,0.0,0.3510252287025378
2245.911,0.49020275480594816,0.0,0.3509654961867449
2245.921,0.49049963413786973,0.0,0.3509075495093913
2245.931,0.4907967035794144,0.0,0.3508513895202122
2245.941,0.49109395717979254,0.0,0.35079701704276245
2245.951,0.4913913889851793,0.0,0.35074443287438095
2245.961,0.4916889930387139,0.0,0.3506936377861971
2245.971,0.4919867633806833,0.0,0.350644632523104
2245.981,0.49228469404853903,0.0,0.3505974178037609
2245.991,0.4925827790770382,0.0,0.3505519943205746
2246.001,0.4928810124983871,0.0,0.35050836273968256
2246.011,0.4931793883422568,0.0,0.35046652370095527
2246.021,0.49347790063596747,0.0,0.3504264778179738
2246.031,0.4937765434044877,0.0,0.3503882256780345
2246.041,0.49407531067065336,0.0,0.3503517678421235
2246.051,0.4943741964551662,0.0,0.35031710484492157
2246.061,0.49467319477677923,0.0,0.3502842371947853
2246.071,0.4949722996522953,0.0,0.3502531653737505
2246.081,0.4952715050967951,0.0,0.3502238898375112
2246.091,0.49557080512360185,0.0,0.35019641101542615
2246.101,0.4958701937445089,0.0,0.35017072931050003
2246.111,0.49616966496977916,0.0,0.3501468450993863
2246.121,0.49646921280832984,0.0,0.3501247587323744
2246.131,0.4967688312677318,0.0,0.35010447053339194
2246.141,0.4970685143544289,0.0,0.3500859807999907
2246.151,0.4973682560737364,0.0,0.3500692898033496
2246.161,0.4976680504300277,0.0,0.35005439778826486
2246.171,0.49796789142673187,0.0,0.3500413049731516
2246.181,0.4982677730665625,0.0,0.35003001155003444
2246.191,0.4985676893514825,0.0,0.3500205176845503
2246.201,0.49886763428293224,0.0,0.3500128235159407
2246.211,0.4991676018618282,0.0,0.3500069291570535
2246.221,0.49946758608874897,0.0,0.3500028346943386
2246.231,0.49976758096394247,0.0,0.35000054018784843
2246.241,0.5000675804875032,0.0,0.3500000456712355
2246.251,0.500367578659473,0.0,0.3500013511517528
2246.261,0.500667569479857,0.0,0.3500044566102531
2246.271,0.5009675469488518,0.0,0.35000936200119015
2246.281,0.5012675050668104,0.0,0.35001606725261786
2246.291,0.5015674378344703,0.0,0.3500245722661933
2246.301,0.5018673392529523,0.0,0.3500348769171765
2246.311,0.5021672033239467,0.0,0.3500469810544345
2246.321,0.5024670240497112,0.0,0.35006088450044015
2246.331,0.5027667954332917,0.0,0.35007658705127953
2246.341,0.5030665114785203,0.0,0.35009408847665086
2246.351,0.5033661661902016,0.0,0.35011338851987234
2246.361,0.5036657535741105,0.0,0.35013448689788024
2246.371,0.5039652676372215,0.0,0.3501573833012413
2246.381,0.5042647023876728,0.0,0.35018207739414814
2246.391,0.5045640518349948,0.0,0.35020856881443446
2246.401,0.504863309990108,0.0,0.350236857173572
2246.411,0.5051624708655096,0.0,0.3502669420566844
2246.421,0.5054615284752713,0.0,0.3502988230225439
2246.431,0.5057604768352596,0.0,0.35033249960359003
2246.441,0.5060593099631336,0.0,0.3503679713059263
2246.451,0.5063580218785311,0.0,0.3504052376093376
2246.461,0.5066566066030667,0.0,0.35044429796728604
2246.471,0.50695505816056,0.0,0.35048515180693524
2246.481,0.5072533705770083,0.0,0.35052779852914306
2246.491,0.5075515378807723,0.0,0.35057223750848177
2246.501,0.5078495541026761,0.0,0.3506184680932489
2246.511,0.5081474132760226,0.0,0.3506664896054642
2246.521,0.5084451094368129,0.0,0.3507163013408984
2246.531,0.5087426366237443,0.0,0.3507679025690684
2246.541,0.5090399888783955,0.0,0.35082129253326294
2246.551,0.5093371602452254,0.0,0.3508764704505358
2246.561,0.5096341447717991,0.0,0.35093343551174216
2246.571,0.509930936508754,0.0,0.3509921868815251
2246.581,0.5102275295100253,0.0,0.35105272369835333
2246.591,0.5105239178328453,0.0,0.35111504507451474
2246.601,0.5108200955379278,0.0,0.35117915009614753
2246.611,0.5111160566894659,0.0,0.351245037823233
2246.621,0.5114117953553506,0.0,0.3513127072896358
2246.631,0.5117073056071688,0.0,0.35138215750309654
2246.641,0.5120025815203877,0.0,0.35145338744526694
2246.651,0.512297617174353,0.0,0.3515263960717015
2246.661,0.5125924066525145,0.0,0.3516011823119045
2246.671,0.5128869440423917,0.0,0.3516777450693135
2246.681,0.5131812234357981,0.0,0.3517560832213481
2246.691,0.5134752389288408,0.0,0.35183619561940194
2246.701,0.5137689846221033,0.0,0.35191808108888256
2246.711,0.5140624546206438,0.0,0.35200173842920246
2246.721,0.5143556430342119,0.0,0.3520871664138302
2246.731,0.5146485439772637,0.0,0.3521743637902867
2246.741,0.5149411515690611,0.0,0.3522633292801638
2246.751,0.5152334599338535,0.0,0.3523540615791694
2246.761,0.5155254632008526,0.0,0.3524465593571099
2246.771,0.5158171555044546,0.0,0.35254082125794983
2246.781,0.5161085309842404,0.0,0.3526368458998016
2246.791,0.5163995837851563,0.0,0.3527346318749735
2246.801,0.516690308057513,0.0,0.35283417774995934
2246.811,0.5169806979572007,0.0,0.3529354820654993
2246.821,0.5172707476456869,0.0,0.35303854333656925
2246.831,0.5175604512901983,0.0,0.35314336005243285
2246.841,0.5178498030637193,0.0,0.3532499306766294
2246.851,0.5181387971452135,0.0,0.35335825364704315
2246.861,0.5184274277195904,0.0,0.3534683273758789
2246.871,0.5187156889779263,0.0,0.35358015024973305
2246.881,0.5190035751174633,0.0,0.3536937206295814
2246.891,0.519291080341789,0.0,0.35380903685083676
2246.901,0.5195781988608358,0.0,0.3539260972233358
2246.911,0.5198649248910928,0.0,0.3540449000314114
2246.921,0.5201512526556054,0.0,0.35416544353387996
2246.931,0.5204371763841529,0.0,0.3542877259641021
2246.941,0.5207226903132495,0.0,0.354411745529969
2246.951,0.5210077886863619,0.0,0.35453750041398296
2246.961,0.5212924657538769,0.0,0.35466498877322916
2246.971,0.5215767157733199,0.0,0.3547942087394578
2246.981,0.5218605330093695,0.0,0.3549251584190779
2246.991,0.5221439117339557,0.0,0.355057835893186
2247.001,0.5224268462264277,0.0,0.35519223921763
2247.011,0.5227093307735614,0.0,0.35532836642299837
2247.021,0.5229913596697373,0.0,0.3554662155146889
2247.031,0.5232729272169387,0.0,0.3556057844728931
2247.041,0.5235540277249688,0.0,0.3557470712526874
2247.051,0.5238346555114182,0.0,0.35589007378400056
2247.061,0.5241148049018799,0.0,0.3560347899717071
2247.071,0.5243944702299502,0.0,0.35618121769561095
